{"cameraMode":{"drawMode":0,"name":"Shaded","section":"Shading Mode"},"sceneLighting":false,"audioPlay":false,"sceneViewState":{"showFog":true,"showMaterialUpdate":false,"showSkybox":true,"showFlares":true,"showImageEffects":true,"showParticleSystems":true},"in2DMode":false,"pivot":{"x":-6.60188627243042,"y":0.09000003337860108,"z":-16.117046356201173},"rotation":{"x":0.04977607727050781,"y":-0.022474806755781175,"z":0.0011219524312764407,"w":0.9985069632530212},"size":11.665180206298829,"orthographic":false}