{"cameraMode":{"drawMode":0,"name":"Shaded","section":"Shading Mode"},"sceneLighting":false,"audioPlay":false,"sceneViewState":{"showFog":true,"showMaterialUpdate":false,"showSkybox":true,"showFlares":true,"showImageEffects":true,"showParticleSystems":true},"in2DMode":false,"pivot":{"x":-2.5350000858306886,"y":1.440000057220459,"z":-4.119999885559082},"rotation":{"x":-0.1703585386276245,"y":0.036053381860256198,"z":-0.006238781381398439,"w":-0.9847026467323303},"size":2.565873384475708,"orthographic":false}