{"cameraMode":{"drawMode":0,"name":"Shaded","section":"Shading Mode"},"sceneLighting":false,"audioPlay":false,"sceneViewState":{"showFog":true,"showMaterialUpdate":false,"showSkybox":true,"showFlares":true,"showImageEffects":true,"showParticleSystems":true},"in2DMode":false,"pivot":{"x":-2.549999952316284,"y":1.3660000562667847,"z":-4.130000114440918},"rotation":{"x":-0.1848083734512329,"y":0.18509617447853089,"z":-0.03546644002199173,"w":-0.9645348787307739},"size":2.430452346801758,"orthographic":false}