{"cameraMode":{"drawMode":0,"name":"Shaded","section":"Shading Mode"},"sceneLighting":false,"audioPlay":false,"sceneViewState":{"showFog":true,"showMaterialUpdate":false,"showSkybox":true,"showFlares":true,"showImageEffects":true,"showParticleSystems":true},"in2DMode":false,"pivot":{"x":-3.5762786865234377e-7,"y":0.464999794960022,"z":1.0},"rotation":{"x":0.07806837558746338,"y":0.4986553192138672,"z":-0.045155949890613559,"w":0.862095832824707},"size":4.609175682067871,"orthographic":false}